{
  "openapi": "3.0.0",
  "info": {
    "version": "1.0.0",
    "title": "API de Bucar e Salvar Dados",
    "description": "API de estilo CRUD em NodeJs usando TypeScript e MySQL",
    "license": {
      "name": "MIT",
      "url": "https://opensource.org/licenses/MIT"
    }
  },
  "paths": {
    "/baixar-dados": {
      "get": {
        "tags": ["Users"],
        "summary": "Get All Users in system",
        "responses": {
          "200": {
            "description": "OK",
            "content": {
              "application/json": {
                "schema": {
                  "$ref": "#/definitions/Users"
                }
              }
            }
          },
          "500": {
            "description": "Internal Server Error",
            "content": {
              "application/json": {
                "schema": {
                  "properties": {
                    "msgError": {
                      "type": "string"
                    }
                  }
                }
              }
            }
          }
        }
      }
    },
    "/salvar-dados": {
      "post": {
        "tags": ["Users"],
        "summary": "Save All Users in system",
        "requestBody": {
          "description": "Users Object",
          "required": true,
          "content": {
            "application/json": {
              "schema": {
                "$ref": "#/definitions/Users"
              }
            }
          }
        },
        "responses": {
          "200": {
            "description": "OK",
            "content": {
              "application/json": {
                "schema": {
                  "properties": {
                    "success": {
                      "type": "boolean"
                    }
                  }
                }
              }
            }
          },
          "500": {
            "description": "Internal Server Error",
            "content": {
              "application/json": {
                "schema": {
                  "properties": {
                    "msgError": {
                      "type": "string"
                    }
                  }
                }
              }
            }
          }
        }
      }
    }
  },
  "definitions": {
    "User": {
      "type": "object",
      "properties": {
        "id": {
          "type": "integer"
        },
        "name": {
          "type": "string"
        },
        "username": {
          "type": "boolean"
        },
        "email": {
          "type": "string"
        },
        "address": {
          "type": "object",
          "properties": {
            "street": {
              "type": "string"
            },
            "suite": {
              "type": "string"
            },
            "city": {
              "type": "string"
            },
            "zipcode": {
              "type": "string"
            },
            "geo": {
              "type": "object",
              "properties": {
                "lat": {
                  "type": "string"
                },
                "lng": {
                  "type": "string"
                }
              }
            }
          }
        },
        "phone": {
          "type": "string"
        },
        "website": {
          "type": "string"
        },
        "company": {
          "type": "object",
          "properties": {
            "name": {
              "type": "string"
            },
            "catchPhrase": {
              "type": "string"
            },
            "bs": {
              "type": "string"
            }
          }
        }
      }
    },
    "Users": {
      "type": "array",
      "items": {
        "$ref": "#/definitions/User"
      }
    }
  }
}
